{"stats":{"minecraft:picked_up":{"minecraft:crafting_table":8,"minecraft:wheat":5,"minecraft:chicken":1,"minecraft:iron_trapdoor":4,"born_in_chaos_v1:black_argillite":14,"minecraft:red_bed":9,"minecraft:cobbled_deepslate":40,"minecraft:crimson_fence":2,"biomesoplenty:cherry_planks":64,"minecraft:chest":3,"minecraft:furnace":5,"minecraft:stick":16,"minecraft:raw_iron":31,"minecraft:green_bed":3,"minecraft:torch":1,"minecraft:lightning_rod":6,"minecraft:pointed_dripstone":1,"minecraft:jungle_fence_gate":3,"minecraft:rotten_flesh":8,"minecraft:arrow":2,"born_in_chaos_v1:fried_maggot":4,"farmersdelight:onion":1,"minecraft:shears":1,"biomesoplenty:cherry_door":2,"biomesoplenty:pink_cherry_sapling":20,"minecraft:iron_bars":1,"minecraft:cobblestone":29,"minecraft:enchanting_table":2,"born_in_chaos_v1:corpse_maggot":4,"minecraft:feather":1,"minecraft:cooked_beef":5,"minecraft:lilac":2,"minecraft:andesite":3,"minecraft:tuff":2,"horror_element_mod:villager_head":1,"minecraft:lapis_lazuli":21,"minecraft:lantern":4,"minecraft:bone":2,"minecraft:granite_wall":2,"minecraft:apple":1,"minecraft:stone_bricks":1,"minecraft:wheat_seeds":14,"minecraft:cobbled_deepslate_slab":4,"minecraft:iron_ingot":4,"minecraft:mossy_stone_bricks":2,"biomesoplenty:cherry_log":66,"minecraft:glow_lichen":1,"biomesoplenty:white_cherry_sapling":11,"minecraft:blast_furnace":2,"minecraft:dark_oak_log":2,"minecraft:spider_eye":1,"minecraft:stone_axe":1,"minecraft:bone_meal":1,"minecraft:bread":6,"born_in_chaos_v1:rotten_fish":1,"minecraft:dark_oak_fence":1,"minecraft:coal":74},"minecraft:killed_by":{"minecraft:player":7,"goatman:goatman":2,"nightmare:nightmare":1,"minecraft:zombie":1,"cave_dweller:cave_dweller":1},"minecraft:crafted":{"minecraft:cobbled_deepslate_slab":6,"biomesoplenty:cherry_planks":120,"minecraft:furnace":1,"minecraft:iron_boots":1,"minecraft:iron_axe":1,"biomesoplenty:cherry_door":6,"minecraft:stone_pickaxe":1,"minecraft:chest":1,"minecraft:crafting_table":2,"minecraft:iron_helmet":1,"minecraft:wooden_pickaxe":1,"minecraft:iron_sword":1,"minecraft:bread":1,"minecraft:air":0,"minecraft:iron_chestplate":1,"minecraft:diamond_pickaxe":1,"minecraft:shield":1,"minecraft:stick":16,"minecraft:iron_pickaxe":1,"minecraft:iron_ingot":29,"biomesoplenty:cherry_slab":12,"minecraft:torch":20},"minecraft:dropped":{"minecraft:lilac":1,"minecraft:crafting_table":1,"minecraft:feather":1,"man:cassette_1safetyinstructions":1,"minecraft:flint":2,"minecraft:emerald":3,"farmersdelight:onion":1,"minecraft:bone_meal":1,"minecraft:phantom_membrane":2,"minecraft:stone_axe":2,"biomesoplenty:cherry_planks":32,"born_in_chaos_v1:rotten_fish":1,"biomesoplenty:cherry_log":10,"minecraft:chicken":1,"man:tearoftheman":1,"minecraft:andesite":3,"minecraft:mossy_stone_bricks":1,"minecraft:golden_leggings":1,"minecraft:spider_eye":1,"minecraft:stone_pickaxe":1,"minecraft:wooden_pickaxe":1},"minecraft:custom":{"minecraft:mob_kills":25,"minecraft:interact_with_crafting_table":27,"minecraft:open_barrel":1,"minecraft:damage_dealt_resisted":20,"minecraft:leave_game":5,"minecraft:time_since_death":1706,"minecraft:climb_one_cm":3623,"minecraft:sprint_one_cm":194726,"minecraft:walk_one_cm":267001,"minecraft:drop":27,"minecraft:talked_to_villager":3,"minecraft:play_time":97267,"minecraft:deaths":15,"minecraft:sneak_time":6944,"minecraft:walk_under_water_one_cm":13844,"minecraft:jump":1769,"minecraft:interact_with_blast_furnace":7,"minecraft:walk_on_water_one_cm":12178,"minecraft:total_world_time":97267,"minecraft:interact_with_furnace":15,"minecraft:sleep_in_bed":3,"minecraft:time_since_rest":1736,"minecraft:damage_taken":5368,"minecraft:trigger_trapped_chest":1,"minecraft:damage_dealt":3872,"minecraft:swim_one_cm":18289,"minecraft:fly_one_cm":332264,"minecraft:player_kills":2,"minecraft:open_chest":24,"minecraft:crouch_one_cm":13114,"minecraft:fall_one_cm":61267},"minecraft:used":{"minecraft:enchanting_table":2,"minecraft:chest":4,"minecraft:iron_sword":52,"born_in_chaos_v1:fried_maggot":3,"minecraft:torch":21,"minecraft:tuff":2,"minecraft:glow_lichen":1,"born_in_chaos_v1:corpse_maggot":2,"biomesoplenty:cherry_planks":43,"minecraft:jungle_fence_gate":3,"minecraft:lantern":4,"minecraft:iron_axe":7,"minecraft:furnace":6,"minecraft:cooked_beef":5,"minecraft:cobbled_deepslate":41,"minecraft:golden_axe":15,"minecraft:pointed_dripstone":1,"minecraft:stone_pickaxe":74,"minecraft:wooden_pickaxe":12,"minecraft:green_bed":3,"biomesoplenty:cherry_door":5,"minecraft:crafting_table":8,"minecraft:red_bed":9,"minecraft:blast_furnace":2,"minecraft:lightning_rod":6,"minecraft:diamond_pickaxe":21,"minecraft:apple":1,"minecraft:bread":7,"minecraft:iron_pickaxe":43,"biomesoplenty:cherry_slab":12,"minecraft:stone_axe":44,"minecraft:cobblestone":31,"minecraft:cobbled_deepslate_slab":10,"minecraft:dark_oak_fence":1},"minecraft:broken":{"minecraft:golden_helmet":1,"minecraft:golden_axe":1},"minecraft:mined":{"minecraft:tuff":2,"biomesoplenty:cherry_log":41,"minecraft:mossy_stone_brick_slab":1,"minecraft:cobbled_deepslate_slab":2,"born_in_chaos_v1:black_argillite":14,"biomesoplenty:flowering_oak_leaves":2,"farmersdelight:wild_onions":1,"minecraft:furnace":5,"horror_element_mod:villager_head":1,"biomesoplenty:cherry_door":2,"minecraft:enchanting_table":2,"biomesoplenty:pink_cherry_leaves":7,"minecraft:vine":2,"minecraft:iron_bars":1,"minecraft:lantern":3,"minecraft:stone":30,"minecraft:green_bed":3,"minecraft:red_bed":9,"minecraft:crafting_table":7,"minecraft:blast_furnace":2,"biomesoplenty:cherry_planks":16,"minecraft:chest":3,"minecraft:lightning_rod":6,"minecraft:cobblestone":3,"horror_element_mod:trapped_leg":1,"minecraft:wall_torch":1,"biomesoplenty:white_cherry_leaves":5,"minecraft:wheat":9,"minecraft:lilac":3,"minecraft:grass":4,"biomesoplenty:clover":5,"minecraft:gravel":3,"minecraft:stone_bricks":1,"minecraft:mossy_stone_bricks":1,"minecraft:crimson_fence":2,"minecraft:oak_leaves":1,"minecraft:iron_trapdoor":4,"minecraft:deepslate":39,"minecraft:granite_wall":2},"minecraft:killed":{"born_in_chaos_v1:zombie_lumberjack":1,"born_in_chaos_v1:skeleton_demoman":1,"minecraft:spider":3,"born_in_chaos_v1:maggot":3,"minecraft:skeleton":5,"minecraft:chicken":1,"born_in_chaos_v1:corpse_fish":4,"minecraft:zombie_villager":1,"born_in_chaos_v1:baby_skeleton":1,"born_in_chaos_v1:decrepit_skeleton":1,"minecraft:zombie":2}},"DataVersion":3120}