{"stats":{"minecraft:killed_by":{"creeping_x:creeping_x":1},"minecraft:custom":{"minecraft:time_since_rest":103,"minecraft:open_chest":3,"minecraft:deaths":1,"minecraft:damage_taken":1055,"minecraft:crouch_one_cm":70,"minecraft:play_time":6515,"minecraft:interact_with_furnace":2,"minecraft:sprint_one_cm":9522,"minecraft:walk_one_cm":20802,"minecraft:sneak_time":90,"minecraft:mob_kills":2,"minecraft:jump":105,"minecraft:damage_dealt":390,"minecraft:time_since_death":2351,"minecraft:sleep_in_bed":1,"minecraft:climb_one_cm":408,"minecraft:total_world_time":6515,"minecraft:interact_with_crafting_table":1,"minecraft:talked_to_villager":1,"minecraft:fall_one_cm":3260,"minecraft:fly_one_cm":22888},"minecraft:crafted":{"biomesoplenty:cherry_planks":60,"minecraft:crafting_table":1,"minecraft:stick":12,"minecraft:wooden_pickaxe":1},"minecraft:mined":{"biomesoplenty:pink_cherry_leaves":2,"minecraft:iron_bars":1,"biomesoplenty:flowering_oak_leaves":2,"minecraft:red_bed":8,"biomesoplenty:white_cherry_leaves":5,"minecraft:lilac":1,"minecraft:oak_leaves":1,"minecraft:green_bed":1},"minecraft:picked_up":{"born_in_chaos_v1:corpse_maggot":2,"minecraft:lilac":1,"minecraft:green_bed":1,"minecraft:iron_bars":1,"biomesoplenty:cherry_log":15,"minecraft:red_bed":8},"minecraft:used":{"minecraft:stone_axe":7,"minecraft:crafting_table":1,"minecraft:red_bed":7,"minecraft:wooden_pickaxe":1,"minecraft:green_bed":1},"minecraft:killed":{"minecraft:zombie_villager":1,"born_in_chaos_v1:maggot":1}},"DataVersion":3120}