{"stats":{"minecraft:killed_by":{"minecraft:player":1,"creeping_x:creeping_x":1},"minecraft:custom":{"minecraft:time_since_rest":9504,"minecraft:interact_with_furnace":2,"minecraft:sprint_one_cm":35538,"minecraft:damage_taken":1535,"minecraft:walk_one_cm":53467,"minecraft:mob_kills":5,"minecraft:drop":2,"minecraft:damage_dealt":721,"minecraft:fly_one_cm":72395,"minecraft:talked_to_villager":2,"minecraft:interact_with_crafting_table":2,"minecraft:open_chest":7,"minecraft:crouch_one_cm":1150,"minecraft:play_time":18515,"minecraft:deaths":3,"minecraft:sneak_time":528,"minecraft:jump":313,"minecraft:time_since_death":9476,"minecraft:sleep_in_bed":1,"minecraft:total_world_time":18515,"minecraft:climb_one_cm":2414,"minecraft:fall_one_cm":13861},"minecraft:crafted":{"biomesoplenty:cherry_planks":60,"minecraft:crafting_table":1,"minecraft:stick":12,"minecraft:stone_pickaxe":1,"minecraft:wooden_pickaxe":1},"minecraft:mined":{"minecraft:furnace":1,"minecraft:red_bed":8,"biomesoplenty:white_cherry_leaves":5,"minecraft:lilac":1,"minecraft:enchanting_table":1,"minecraft:crafting_table":2,"biomesoplenty:clover":3,"biomesoplenty:cherry_planks":2,"biomesoplenty:pink_cherry_leaves":2,"minecraft:lantern":2,"minecraft:iron_bars":1,"biomesoplenty:flowering_oak_leaves":2,"minecraft:cobblestone":1,"minecraft:stone":2,"minecraft:stone_bricks":1,"minecraft:mossy_stone_bricks":1,"minecraft:crimson_fence":2,"minecraft:iron_trapdoor":4,"minecraft:oak_leaves":1,"minecraft:green_bed":2,"minecraft:granite_wall":2},"minecraft:picked_up":{"minecraft:enchanting_table":1,"born_in_chaos_v1:corpse_maggot":2,"minecraft:crafting_table":2,"minecraft:cooked_beef":4,"minecraft:lilac":1,"minecraft:iron_trapdoor":4,"minecraft:green_bed":2,"minecraft:jungle_fence_gate":3,"minecraft:red_bed":8,"minecraft:lantern":2,"born_in_chaos_v1:fried_maggot":4,"minecraft:bone":1,"minecraft:rotten_flesh":4,"minecraft:granite_wall":2,"minecraft:stone_bricks":1,"minecraft:crimson_fence":2,"minecraft:mossy_stone_bricks":1,"biomesoplenty:cherry_planks":51,"biomesoplenty:cherry_log":25,"minecraft:iron_bars":1,"minecraft:cobblestone":3,"minecraft:furnace":1},"minecraft:dropped":{"biomesoplenty:cherry_planks":32,"biomesoplenty:cherry_log":10},"minecraft:used":{"born_in_chaos_v1:corpse_maggot":2,"biomesoplenty:cherry_planks":11,"minecraft:jungle_fence_gate":3,"minecraft:lantern":1,"minecraft:stone_pickaxe":7,"minecraft:wooden_pickaxe":12,"minecraft:green_bed":1,"minecraft:stone_axe":21,"minecraft:crafting_table":2,"minecraft:red_bed":7},"minecraft:killed":{"minecraft:zombie":1,"minecraft:zombie_villager":1,"born_in_chaos_v1:baby_skeleton":1,"minecraft:spider":1,"born_in_chaos_v1:maggot":1}},"DataVersion":3120}