{"stats":{"minecraft:picked_up":{"biomesoplenty:redwood_log":35,"minecraft:charcoal":65,"minecraft:crafting_table":7,"minecraft:allium":8,"minecraft:wheat":1,"minecraft:iron_trapdoor":1,"biomesoplenty:cherry_slab":2,"minecraft:string":2,"minecraft:red_bed":2,"alexsmobs:ancient_dart":1,"born_in_chaos_v1:intoxicating_decoction":2,"minecraft:smooth_stone":3,"minecraft:cobbled_deepslate":4,"minecraft:spruce_planks":1,"minecraft:beef":27,"minecraft:andesite_stairs":5,"minecraft:minecart":1,"biomesoplenty:cherry_planks":63,"minecraft:phantom_membrane":2,"minecraft:furnace":11,"minecraft:tipped_arrow":8,"minecraft:stick":38,"minecraft:raw_iron":118,"minecraft:torch":2,"minecraft:spruce_stairs":3,"minecraft:lightning_rod":1,"minecraft:pointed_dripstone":1,"minecraft:redstone":46,"minecraft:dark_oak_planks":6,"minecraft:brown_carpet":1,"minecraft:stone_sword":1,"minecraft:arrow":6,"minecraft:rotten_flesh":14,"minecraft:peony":1,"farmersdelight:onion":7,"minecraft:stripped_dark_oak_wood":4,"biomesoplenty:redwood_sapling":19,"biomesoplenty:cherry_door":1,"biomesoplenty:pink_cherry_sapling":90,"minecraft:white_wool":1,"minecraft:cobblestone":52,"born_in_chaos_v1:corpse_maggot":4,"minecraft:lilac":2,"minecraft:cooked_beef":4,"minecraft:andesite":4,"minecraft:leather":11,"minecraft:golden_leggings":1,"minecraft:flint":1,"minecraft:gunpowder":1,"minecraft:gray_concrete":5,"minecraft:dirt":64,"minecraft:lantern":10,"man:cassette_1safetyinstructions":1,"minecraft:bone":10,"minecraft:apple":1,"minecraft:granite_wall":1,"minecraft:bow":1,"minecraft:wheat_seeds":58,"minecraft:raw_gold":18,"minecraft:iron_ingot":3,"minecraft:spruce_wood":2,"minecraft:grindstone":1,"biomesoplenty:cherry_log":106,"minecraft:book":18,"minecraft:glow_lichen":1,"minecraft:gravel":1,"biomesoplenty:white_cherry_sapling":15,"minecraft:spider_eye":1,"minecraft:spruce_log":2,"minecraft:dark_oak_log":3,"minecraft:mossy_stone_brick_slab":1,"man:tearoftheman":1,"minecraft:dispenser":1,"minecraft:slime_ball":1,"minecraft:diamond":3,"minecraft:lever":1,"horror_element_mod:trapped_leg":1,"minecraft:emerald":3,"minecraft:oak_sapling":1,"minecraft:stripped_dark_oak_log":1,"minecraft:coal":9},"minecraft:killed_by":{"minecraft:player":2,"minecraft:spider":1,"nightmare_cantbreathe:nightmare_cantbreathe":1,"goatman:goatman":1,"alexsmobs:tiger":1,"man:managgresive":1,"nightmare:nightmare":2},"minecraft:crafted":{"biomesoplenty:cherry_planks":276,"immersive_armors:warrior_helmet":1,"man:cassetteplayer":1,"minecraft:furnace":5,"minecraft:bookshelf":6,"minecraft:iron_boots":1,"minecraft:iron_axe":1,"biomesoplenty:cherry_door":6,"born_in_chaos_v1:fried_maggot":4,"minecraft:stone_pickaxe":1,"minecraft:chest":1,"minecraft:dark_oak_planks":16,"minecraft:cooked_beef":27,"minecraft:crafting_table":3,"biomesoplenty:redwood_planks":28,"minecraft:wooden_pickaxe":1,"minecraft:iron_sword":1,"minecraft:leather_helmet":1,"minecraft:bucket":2,"minecraft:campfire":4,"minecraft:stone_axe":2,"minecraft:air":0,"minecraft:iron_chestplate":1,"minecraft:diamond_pickaxe":1,"minecraft:charcoal":28,"minecraft:shield":1,"minecraft:stick":8,"minecraft:iron_ingot":51,"minecraft:iron_pickaxe":1,"minecraft:stone_sword":1,"minecraft:iron_shovel":1,"minecraft:iron_leggings":1,"biomesoplenty:cherry_slab":6,"minecraft:torch":16,"minecraft:shears":1},"minecraft:custom":{"minecraft:mob_kills":45,"minecraft:interact_with_crafting_table":41,"minecraft:leave_game":6,"minecraft:time_since_death":17490,"minecraft:climb_one_cm":5718,"minecraft:sprint_one_cm":368514,"minecraft:walk_one_cm":212157,"minecraft:drop":62,"minecraft:play_noteblock":2,"minecraft:talked_to_villager":8,"minecraft:play_time":105496,"minecraft:sneak_time":4754,"minecraft:deaths":11,"minecraft:walk_under_water_one_cm":9105,"minecraft:jump":2183,"minecraft:interact_with_brewingstand":1,"minecraft:interact_with_blast_furnace":1,"minecraft:walk_on_water_one_cm":9568,"minecraft:total_world_time":105496,"minecraft:interact_with_furnace":64,"minecraft:traded_with_villager":1,"minecraft:tune_noteblock":2,"minecraft:sleep_in_bed":3,"minecraft:time_since_rest":17515,"minecraft:damage_taken":6455,"minecraft:trigger_trapped_chest":3,"minecraft:damage_dealt":10263,"minecraft:swim_one_cm":31153,"minecraft:player_kills":7,"minecraft:fly_one_cm":464558,"minecraft:open_chest":50,"minecraft:crouch_one_cm":15903,"minecraft:fall_one_cm":63127,"minecraft:inspect_dispenser":1},"minecraft:used":{"minecraft:stone_sword":135,"minecraft:iron_shovel":62,"minecraft:chest":1,"minecraft:spruce_planks":1,"minecraft:iron_sword":82,"minecraft:iron_chestplate":1,"minecraft:torch":10,"minecraft:dirt":59,"immersive_armors:warrior_helmet":1,"minecraft:spruce_stairs":1,"minecraft:dark_oak_planks":22,"minecraft:lava_bucket":3,"biomesoplenty:cherry_planks":132,"minecraft:lantern":9,"minecraft:iron_axe":16,"minecraft:furnace":13,"minecraft:cooked_beef":18,"minecraft:water_bucket":13,"minecraft:stone_pickaxe":59,"minecraft:wooden_pickaxe":43,"biomesoplenty:cherry_door":1,"farmersdelight:onion":2,"minecraft:crafting_table":9,"minecraft:red_bed":2,"minecraft:campfire":3,"minecraft:gray_concrete":1,"man:cassetteplayer":1,"minecraft:apple":6,"minecraft:iron_pickaxe":29,"biomesoplenty:cherry_slab":8,"minecraft:stone_axe":73,"minecraft:andesite":1,"minecraft:bucket":18},"minecraft:dropped":{"minecraft:bread":6,"minecraft:wheat_seeds":3,"minecraft:cooked_beef":9,"minecraft:lilac":2,"born_in_chaos_v1:fried_maggot":4,"minecraft:cobblestone":1,"minecraft:lantern":1,"man:cassette_1safetyinstructions":1,"minecraft:apple":1,"minecraft:flint":1,"minecraft:dirt":1,"minecraft:torch":1,"minecraft:dispenser":1,"farmersdelight:onion":3,"biomesoplenty:cherry_door":6,"minecraft:phantom_membrane":2,"minecraft:gravel":1,"minecraft:furnace":1,"minecraft:stone_axe":1,"minecraft:stone_sword":1,"minecraft:cobbled_deepslate":3,"biomesoplenty:redwood_sapling":19,"minecraft:pointed_dripstone":1,"biomesoplenty:cherry_log":15,"biomesoplenty:white_cherry_sapling":15,"minecraft:rotten_flesh":12,"alexsmobs:ancient_dart":1,"minecraft:glow_lichen":1,"minecraft:shears":1,"minecraft:tipped_arrow":16,"minecraft:gunpowder":1,"minecraft:allium":8,"minecraft:peony":1,"biomesoplenty:pink_cherry_sapling":90,"minecraft:andesite":1,"minecraft:oak_sapling":1,"immersive_armors:bone_helmet":1,"minecraft:golden_leggings":1,"minecraft:spruce_wood":1,"minecraft:spider_eye":1,"minecraft:spruce_log":1,"minecraft:slime_ball":1},"minecraft:broken":{"minecraft:stone_sword":1,"minecraft:stone_pickaxe":1,"minecraft:stone_axe":1},"minecraft:mined":{"minecraft:dark_oak_planks":6,"minecraft:tuff":1,"minecraft:spruce_planks":1,"biomesoplenty:cherry_log":100,"minecraft:andesite_stairs":5,"minecraft:dark_oak_log":1,"minecraft:glow_lichen":2,"minecraft:ladder":1,"minecraft:dark_oak_fence":1,"minecraft:grass_block":56,"biomesoplenty:cherry_slab":1,"minecraft:spawner":1,"minecraft:smooth_stone":4,"farmersdelight:wild_onions":3,"minecraft:furnace":10,"minecraft:andesite":7,"biomesoplenty:cherry_door":1,"minecraft:stripped_dark_oak_wood":4,"minecraft:peony":1,"minecraft:bookshelf":6,"biomesoplenty:pink_cherry_leaves":1,"biomesoplenty:redwood_log":35,"minecraft:vine":1,"minecraft:lantern":10,"minecraft:spruce_wood":3,"minecraft:stone":49,"minecraft:podzol":3,"minecraft:gray_concrete":5,"minecraft:red_bed":2,"minecraft:brown_carpet":1,"minecraft:stripped_dark_oak_log":1,"minecraft:crafting_table":8,"biomesoplenty:cherry_planks":30,"minecraft:campfire":3,"minecraft:lightning_rod":3,"minecraft:grindstone":1,"minecraft:spruce_stairs":3,"minecraft:birch_planks":1,"minecraft:wheat":55,"minecraft:lilac":3,"minecraft:spruce_log":1,"minecraft:grass":19,"biomesoplenty:clover":6,"biomesoplenty:redwood_leaves":2,"minecraft:gravel":1,"minecraft:dirt":8,"born_in_chaos_v1:infernal_evil_pumpkin_s":1,"minecraft:dispenser":1,"minecraft:iron_trapdoor":2,"minecraft:deepslate":6,"minecraft:fern":1,"minecraft:granite_wall":1},"minecraft:killed":{"born_in_chaos_v1:zombie_clown":1,"born_in_chaos_v1:zombie_lumberjack":1,"minecraft:spider":5,"minecraft:skeleton":4,"born_in_chaos_v1:baby_skeleton":1,"born_in_chaos_v1:swarmer":1,"minecraft:creeper":1,"born_in_chaos_v1:decrepit_skeleton":2,"minecraft:zombie":9,"born_in_chaos_v1:corpse_fly":5,"minecraft:cow":14}},"DataVersion":3120}