{"stats":{"minecraft:killed_by":{"minecraft:spider":1},"minecraft:custom":{"minecraft:time_since_rest":103,"minecraft:interact_with_furnace":8,"minecraft:sprint_one_cm":40380,"minecraft:damage_taken":525,"minecraft:walk_one_cm":25659,"minecraft:mob_kills":16,"minecraft:drop":4,"minecraft:damage_dealt":2795,"minecraft:swim_one_cm":11350,"minecraft:interact_with_crafting_table":5,"minecraft:fly_one_cm":65085,"minecraft:open_chest":1,"minecraft:crouch_one_cm":283,"minecraft:play_time":13904,"minecraft:deaths":1,"minecraft:sneak_time":134,"minecraft:walk_under_water_one_cm":3182,"minecraft:jump":274,"minecraft:interact_with_brewingstand":1,"minecraft:leave_game":2,"minecraft:time_since_death":392,"minecraft:walk_on_water_one_cm":534,"minecraft:sleep_in_bed":1,"minecraft:climb_one_cm":3229,"minecraft:total_world_time":13904,"minecraft:fall_one_cm":10610},"minecraft:crafted":{"minecraft:cooked_beef":12,"minecraft:charcoal":25,"minecraft:crafting_table":1,"minecraft:stick":8,"biomesoplenty:redwood_planks":28,"minecraft:wooden_pickaxe":1,"minecraft:stone_pickaxe":1,"minecraft:stone_sword":1,"minecraft:furnace":2,"minecraft:campfire":1,"minecraft:stone_axe":1,"minecraft:air":0},"minecraft:mined":{"biomesoplenty:cherry_log":36,"minecraft:brown_carpet":1,"minecraft:andesite":1,"minecraft:crafting_table":1,"minecraft:grass":2,"biomesoplenty:redwood_log":35,"biomesoplenty:redwood_leaves":2,"minecraft:dirt":5,"minecraft:stone":33,"minecraft:fern":1,"minecraft:podzol":3},"minecraft:picked_up":{"biomesoplenty:redwood_log":35,"born_in_chaos_v1:corpse_maggot":3,"minecraft:stick":12,"minecraft:crafting_table":1,"minecraft:andesite":1,"minecraft:leather":8,"minecraft:dirt":8,"minecraft:brown_carpet":1,"born_in_chaos_v1:intoxicating_decoction":2,"minecraft:slime_ball":1,"minecraft:rotten_flesh":6,"minecraft:beef":17,"biomesoplenty:redwood_sapling":19,"biomesoplenty:pink_cherry_sapling":56,"biomesoplenty:cherry_log":32,"minecraft:cobblestone":33},"minecraft:dropped":{"biomesoplenty:pink_cherry_sapling":28,"minecraft:andesite":1,"biomesoplenty:cherry_log":15,"minecraft:rotten_flesh":2},"minecraft:used":{"minecraft:stone_sword":49,"minecraft:wooden_pickaxe":43,"minecraft:stone_axe":8,"minecraft:crafting_table":2,"minecraft:furnace":2,"minecraft:campfire":1,"minecraft:cooked_beef":4},"minecraft:killed":{"born_in_chaos_v1:zombie_clown":1,"minecraft:zombie":1,"born_in_chaos_v1:corpse_fly":4,"born_in_chaos_v1:swarmer":1,"minecraft:cow":9}},"DataVersion":3120}