{"stats":{"minecraft:killed_by":{"minecraft:spider":1,"chasing_x:chasing_x":1},"minecraft:custom":{"minecraft:interact_with_furnace":30,"minecraft:mob_kills":17,"minecraft:tune_noteblock":2,"minecraft:interact_with_crafting_table":8,"minecraft:leave_game":2,"minecraft:time_since_death":3387,"minecraft:sleep_in_bed":1,"minecraft:climb_one_cm":4537,"minecraft:time_since_rest":3436,"minecraft:sprint_one_cm":78621,"minecraft:damage_taken":1794,"minecraft:walk_one_cm":47648,"minecraft:drop":18,"minecraft:damage_dealt":2945,"minecraft:play_noteblock":2,"minecraft:talked_to_villager":1,"minecraft:swim_one_cm":11350,"minecraft:fly_one_cm":126036,"minecraft:player_kills":1,"minecraft:open_chest":2,"minecraft:crouch_one_cm":1477,"minecraft:play_time":25904,"minecraft:deaths":2,"minecraft:sneak_time":389,"minecraft:walk_under_water_one_cm":3182,"minecraft:jump":516,"minecraft:interact_with_brewingstand":1,"minecraft:walk_on_water_one_cm":534,"minecraft:total_world_time":25904,"minecraft:fall_one_cm":15744},"minecraft:broken":{"minecraft:stone_axe":1},"minecraft:crafted":{"minecraft:cooked_beef":18,"biomesoplenty:cherry_planks":52,"minecraft:crafting_table":1,"biomesoplenty:redwood_planks":28,"minecraft:wooden_pickaxe":1,"minecraft:furnace":2,"minecraft:campfire":4,"minecraft:stone_axe":2,"minecraft:air":0,"minecraft:charcoal":28,"minecraft:stick":8,"born_in_chaos_v1:fried_maggot":4,"minecraft:stone_pickaxe":1,"minecraft:stone_sword":1,"minecraft:torch":16},"minecraft:mined":{"minecraft:podzol":3,"minecraft:gray_concrete":1,"biomesoplenty:cherry_log":100,"minecraft:brown_carpet":1,"minecraft:crafting_table":2,"biomesoplenty:cherry_planks":3,"minecraft:campfire":1,"minecraft:spruce_stairs":1,"minecraft:furnace":2,"minecraft:andesite":1,"minecraft:grass":2,"minecraft:bookshelf":6,"biomesoplenty:redwood_leaves":2,"biomesoplenty:redwood_log":35,"minecraft:lantern":2,"minecraft:dirt":5,"minecraft:stone":33,"minecraft:iron_trapdoor":1,"minecraft:fern":1,"minecraft:granite_wall":1},"minecraft:picked_up":{"biomesoplenty:redwood_log":35,"born_in_chaos_v1:corpse_maggot":4,"minecraft:charcoal":25,"minecraft:crafting_table":2,"minecraft:cooked_beef":3,"minecraft:iron_trapdoor":1,"minecraft:andesite":1,"minecraft:leather":8,"minecraft:gray_concrete":1,"minecraft:dirt":8,"minecraft:lantern":2,"born_in_chaos_v1:intoxicating_decoction":2,"minecraft:apple":1,"minecraft:granite_wall":1,"minecraft:beef":18,"biomesoplenty:cherry_planks":35,"biomesoplenty:cherry_log":106,"minecraft:furnace":2,"minecraft:book":18,"minecraft:stick":38,"minecraft:spruce_stairs":1,"biomesoplenty:white_cherry_sapling":15,"minecraft:brown_carpet":1,"minecraft:rotten_flesh":6,"minecraft:slime_ball":1,"biomesoplenty:redwood_sapling":19,"minecraft:oak_sapling":1,"biomesoplenty:pink_cherry_sapling":90,"minecraft:cobblestone":33},"minecraft:dropped":{"minecraft:cooked_beef":7,"born_in_chaos_v1:fried_maggot":4,"biomesoplenty:redwood_sapling":19,"biomesoplenty:cherry_log":15,"biomesoplenty:white_cherry_sapling":15,"minecraft:rotten_flesh":6,"biomesoplenty:pink_cherry_sapling":90,"minecraft:andesite":1,"minecraft:oak_sapling":1},"minecraft:used":{"minecraft:stone_sword":52,"minecraft:stone_pickaxe":7,"minecraft:wooden_pickaxe":43,"minecraft:torch":2,"minecraft:crafting_table":2,"minecraft:spruce_stairs":1,"minecraft:campfire":1,"minecraft:gray_concrete":1,"biomesoplenty:cherry_planks":12,"minecraft:stone_axe":20,"minecraft:furnace":2,"minecraft:cooked_beef":4},"minecraft:killed":{"born_in_chaos_v1:zombie_clown":1,"born_in_chaos_v1:swarmer":1,"minecraft:zombie":1,"born_in_chaos_v1:corpse_fly":4,"minecraft:cow":10}},"DataVersion":3120}